<?xml version="1.0" encoding="utf-8"?>
<!DOCTYPE hibernate-mapping PUBLIC "-//Hibernate/Hibernate Mapping DTD 3.0//EN"
"http://hibernate.sourceforge.net/hibernate-mapping-3.0.dtd">

<hibernate-mapping package="edu.jyu.stumgm.entity">
	<class name="User" table="USERS">
		<id name="id" column="user_id">
			<generator class="native" />
		</id>
		<property name="userName" length="20" column="username"></property>
		<property name="password" length="20"></property>	
		<property name="role"></property>	

	</class>
</hibernate-mapping>
