<?xml version="1.0" encoding="UTF-8"?>
<beans
	xmlns="http://www.springframework.org/schema/beans"
	     xmlns:xsi="http://www.w3.org/2001/XMLSchema-instance"
	     xmlns:aop="http://www.springframework.org/schema/aop"
	     xmlns:tx="http://www.springframework.org/schema/tx"
	     xsi:schemaLocation="http://www.springframework.org/schema/beans http://www.springframework.org/schema/beans/spring-beans-2.0.xsd
           http://www.springframework.org/schema/aop http://www.springframework.org/schema/aop/spring-aop-2.0.xsd
           http://www.springframework.org/schema/tx http://www.springframework.org/schema/tx/spring-tx-2.0.xsd"
           default-autowire="byType">

	<bean id="dataSource"
		class="org.springframework.jdbc.datasource.DriverManagerDataSource">
		<property name="driverClassName" value="com.mysql.jdbc.Driver">
		</property>
		<property name="url" value="jdbc:mysql://localhost:3306/myapp?characterEncoding=gbk&amp;useUnicode=true"></property>
		<property name="username" value="root"></property>
		<property name="password" value="root"></property>

	</bean>
	<bean id="sessionFactory"
		class="org.springframework.orm.hibernate4.LocalSessionFactoryBean">
		<property name="dataSource">
			<ref bean="dataSource" />
		</property>
		<property name="hibernateProperties">
			<props>
				<prop key="hibernate.dialect">
					org.hibernate.dialect.MySQLDialect
				</prop>
				<prop key="hibernate.show_sql">true</prop>
				<prop key="hibernate.format_sql">true</prop>
				<prop key="hibernate.hbm2ddl.auto">update</prop>
			</props>
		</property>
		<property name="mappingResources">
			<list>
				<value>edu/jyu/stumgm/entity/Student.hbm.xml</value>
			 	<value>edu/jyu/stumgm/entity/Grade.hbm.xml</value>
				<value>edu/jyu/stumgm/entity/User.hbm.xml</value>
			</list>
		</property>
	</bean>
	
	<bean id="transactionManager" class="org.springframework.orm.hibernate3.HibernateTransactionManager">
		<property name="sessionFactory" ref="sessionFactory"></property>
	</bean>	
	
	<tx:advice id="txAdvice" transaction-manager="transactionManager">
		<tx:attributes>
			<tx:method name="save*" propagation="REQUIRED"></tx:method>
			<tx:method name="update*" propagation="REQUIRED"></tx:method>
			<tx:method name="delete*" propagation="REQUIRED"></tx:method>
			<tx:method name="find*" read-only="true"/>
			<tx:method name="get*" read-only="true"/>
		</tx:attributes>
	</tx:advice>
 <!--  未用到aop部分，故需删除！ 
	<aop:config>
		<aop:pointcut id="daoPointcut" expression="execution(* edu.jyu.stumgm.dao.I*.*(..))"/>
		<aop:advisor advice-ref="txAdvice" pointcut-ref="daoPointcut"/>
	</aop:config>	
 -->
	<bean id="studentDAO" class="edu.jyu.stumgm.dao.StudentDAO">
		<property name="sessionFactory"  ref="sessionFactory"></property>
	</bean>

	<bean id="gradeDAO" class="edu.jyu.stumgm.dao.GradeDAO">
		<property name="sessionFactory"  ref="sessionFactory"></property>
	</bean>
	
	<bean id="UserDAO" class="edu.jyu.stumgm.dao.UserDAO">
		<property name="sessionFactory"  ref="sessionFactory"></property>
	</bean>
	<bean id="studentBO" class="edu.jyu.stumgm.bo.StudentBO"></bean>
 	<bean id="gradeBO" class="edu.jyu.stumgm.bo.GradeBO"></bean>
	<bean id="userBO" class="edu.jyu.stumgm.bo.UserBO"></bean> 
</beans>